<?xml version="1.0" encoding="UTF-8"?>
<project-private xmlns="http://www.netbeans.org/ns/project-private/1">
    <editor-bookmarks xmlns="http://www.netbeans.org/ns/editor-bookmarks/2" lastBookmarkId="0"/>
    <open-files xmlns="http://www.netbeans.org/ns/projectui-open-files/2">
        <group>
            <file>file:/C:/Users/RALPH/Desktop/Second%20Sem/Computer%20Programming%202/Java%20Lectures/Lecture%201/Prog2Exer1/src/prog2exer1/Prog2Exer1.java</file>
            <file>file:/C:/Users/RALPH/Desktop/Second%20Sem/Computer%20Programming%202/Java%20Lectures/Lecture%201/Prog2Exer1/src/prog2exer1/Products.java</file>
            <file>file:/C:/Users/RALPH/Desktop/Second%20Sem/Computer%20Programming%202/Java%20Lectures/Lecture%201/Prog2Exer1/src/prog2exer1/CustomerForm.java</file>
        </group>
    </open-files>
</project-private>
